customer_id,nric,full_name,first_name,last_name,email,mobile,address,postal_code,date_of_birth,gender,ethnicity,religion,marital_status,monthly_income_sgd,employment_status,health_insurance_flag,tenure_months,primary_product_code,products_held,avg_balance_sgd,txn_count_90d,preferred_channel,churned_flag
CUST-10001,S3341057B,Chen Ng,Chen,Ng,chen.ng87@example.com,+65 82458591,Blk 605 Tampines St 21 #03-016,554582,1956-12-09,M,Chinese,Taoism,Married,5000,Unemployed,N,65,CC-CLASSIC,4,50169.73,0,Mobile App,N
CUST-10002,S2556017G,Kavitha Wong,Kavitha,Wong,kavitha.wong13@example.com,+65 87022674,Blk 868 Clementi Ave 2 #21-136,528527,1964-04-25,M,Others,Buddhism,Divorced,3500,Unemployed,N,89,CC-CLASSIC,1,4085.91,14,Internet Banking,Y
CUST-10003,S3728882F,Priya Ng,Priya,Ng,priya.ng46@example.com,+65 84514944,Blk 687 Clementi Ave 2 #24-037,609751,1979-05-15,M,Malay,Hinduism,Widowed,8000,Retired,N,165,CC-CLASSIC,3,71673.84,3,Mobile App,Y
CUST-10004,S6279418D,Kavitha Hassan,Kavitha,Hassan,kavitha.hassan84@example.com,+65 89375710,Blk 406 Toa Payoh Lor 4 #16-074,663287,1972-02-07,M,Indian,None,Widowed,22000,Unemployed,N,236,LOAN-PERS,2,84773.23,8,ATM,N
CUST-10005,S8082668J,Rajesh Bin Ali,Rajesh,Bin Ali,rajesh.bin9@example.com,+65 87455324,Blk 391 Jurong West St 41 #16-271,661188,1958-02-05,M,Indian,Prefer not to say,Divorced,4200,Employed,N,163,LOAN-HOME,2,38675.77,16,ATM,N
CUST-10006,S4337174C,Karen Ng,Karen,Ng,karen.ng48@example.com,+65 83710343,Blk 553 Jurong West St 41 #02-166,811319,1995-05-27,M,Indian,Prefer not to say,Divorced,15000,Self-employed,Y,166,CC-CLASSIC,5,80501.31,5,Call Centre,Y
CUST-10007,S3770370E,Hafiz Lau,Hafiz,Lau,hafiz.lau68@example.com,+65 88099076,Blk 217 Jurong West St 41 #25-103,697537,2004-03-05,F,Others,Taoism,Widowed,12000,Employed,N,171,CC-CLASSIC,1,28869.66,37,ATM,N
CUST-10008,S4841005B,Lina Raman,Lina,Raman,lina.raman5@example.com,+65 86543670,Blk 73 Jurong West St 41 #09-143,814510,1955-02-23,M,Others,Christianity,Widowed,2800,Student,N,164,SAV-PLUS,1,56081.74,22,Call Centre,N
CUST-10009,S2016911G,Melissa Chan,Melissa,Chan,melissa.chan94@example.com,+65 86692553,Blk 820 Ang Mo Kio Ave 3 #09-099,629786,1958-11-21,F,Malay,Hinduism,Married,3500,Retired,N,168,CC-CLASSIC,1,37777.49,35,Branch,Y
CUST-10010,S3790237G,Chen Lau,Chen,Lau,chen.lau63@example.com,+65 89075854,Blk 219 Tampines St 21 #03-085,741035,1955-02-25,F,Indian,Prefer not to say,Widowed,5000,Retired,N,220,INV-UNIT,4,13326.77,18,Mobile App,Y
CUST-10011,S1841248J,Lina Chan,Lina,Chan,lina.chan62@example.com,+65 89436429,Blk 874 Jurong West St 41 #07-030,822312,1989-01-24,M,Chinese,Taoism,Single,2800,Self-employed,N,83,SAV-PLUS,5,21079.06,38,Branch,Y
CUST-10012,S4426900Z,Alan Binte Osman,Alan,Binte Osman,alan.binte92@example.com,+65 86271130,Blk 245 Clementi Ave 2 #14-068,698491,1992-10-17,F,Chinese,Buddhism,Widowed,6500,Unemployed,N,83,SAV-PLUS,1,45791.4,32,Internet Banking,N
CUST-10013,S6075395J,Terence Kumar,Terence,Kumar,terence.kumar84@example.com,+65 89874152,Blk 9 Toa Payoh Lor 4 #19-154,563200,1970-06-10,F,Chinese,Buddhism,Married,12000,Retired,N,43,CC-CLASSIC,3,17465.05,40,Internet Banking,N
CUST-10014,S1739653A,Jonathan Lim,Jonathan,Lim,jonathan.lim43@example.com,+65 83194789,Blk 653 Clementi Ave 2 #07-227,771158,1960-11-14,M,Chinese,None,Married,6500,Unemployed,Y,215,LOAN-PERS,5,47054.13,27,Mobile App,Y
CUST-10015,S2724590F,Farah Foo,Farah,Foo,farah.foo72@example.com,+65 87817881,Blk 636 Toa Payoh Lor 4 #06-122,603900,1957-06-07,F,Chinese,Christianity,Divorced,5000,Student,N,177,CC-PLATINUM,2,66969.36,6,Call Centre,Y
CUST-10016,S4740036A,Bryan Raman,Bryan,Raman,bryan.raman85@example.com,+65 84240180,Blk 409 Clementi Ave 2 #10-036,676753,1967-08-12,F,Indian,Buddhism,Single,5000,Retired,N,81,CC-PLATINUM,1,9392.54,27,Internet Banking,N
CUST-10017,S4188992E,Alan Koh,Alan,Koh,alan.koh6@example.com,+65 88315831,Blk 2 Jurong West St 41 #19-101,738066,1987-02-13,M,Indian,Taoism,Divorced,22000,Employed,N,233,INV-UNIT,3,56752.52,20,Call Centre,N
CUST-10018,S6049101G,Serene Ho,Serene,Ho,serene.ho71@example.com,+65 81006810,Blk 312 Clementi Ave 2 #08-221,708618,1967-07-22,F,Others,None,Married,4200,Unemployed,N,100,CUR-STD,1,24265.09,42,ATM,N
CUST-10019,S3472189A,Rajesh Bin Ali,Rajesh,Bin Ali,rajesh.bin6@example.com,+65 85107776,Blk 487 Jurong West St 41 #04-234,764185,1970-11-10,F,Others,Hinduism,Married,5000,Self-employed,Y,60,SAV-PLUS,4,18757.73,44,ATM,N
CUST-10020,S9910914I,Siti Lau,Siti,Lau,siti.lau77@example.com,+65 86323376,Blk 774 Tampines St 21 #21-259,779976,1970-02-15,F,Malay,None,Widowed,12000,Student,N,37,CC-CLASSIC,3,65141.0,33,Call Centre,N
CUST-10021,S6634586F,Jonathan Chua,Jonathan,Chua,jonathan.chua70@example.com,+65 82351868,Blk 142 Bedok North St 1 #09-197,594505,1959-12-10,M,Others,Hinduism,Divorced,6500,Unemployed,N,63,LOAN-HOME,1,17739.56,26,Call Centre,Y
CUST-10022,S7542890G,Hafiz Marzuki,Hafiz,Marzuki,hafiz.marzuki69@example.com,+65 84700025,Blk 500 Bedok North St 1 #10-224,811475,1979-08-01,F,Indian,None,Widowed,6500,Self-employed,N,93,CUR-STD,5,45493.68,25,ATM,Y
CUST-10023,S1843636E,Rajesh Yu,Rajesh,Yu,rajesh.yu49@example.com,+65 86492066,Blk 217 Tampines St 21 #12-173,745558,1982-03-28,F,Indian,Prefer not to say,Single,4200,Student,Y,121,INV-UNIT,1,84992.18,22,Mobile App,Y
CUST-10024,S3556551D,Hafiz Yu,Hafiz,Yu,hafiz.yu17@example.com,+65 88945036,Blk 686 Ang Mo Kio Ave 3 #20-112,795198,1957-01-08,F,Malay,Taoism,Single,2800,Self-employed,N,54,SAV-PLUS,5,2377.53,19,ATM,N
CUST-10025,S2709620E,Nadia Singh,Nadia,Singh,nadia.singh88@example.com,+65 83030966,Blk 816 Jurong West St 41 #03-178,777071,1967-02-19,M,Indian,Buddhism,Widowed,5000,Student,Y,179,LOAN-HOME,3,54097.62,29,Mobile App,N
CUST-10026,S9111742H,Aisha Chan,Aisha,Chan,aisha.chan56@example.com,+65 85502929,Blk 331 Bedok North St 1 #04-143,784995,1988-11-09,F,Others,Islam,Single,15000,Student,N,160,CUR-STD,4,18187.76,16,Internet Banking,N
CUST-10027,S2436347D,Samuel Singh,Samuel,Singh,samuel.singh93@example.com,+65 87818732,Blk 501 Jurong West St 41 #09-244,818342,1972-09-01,M,Chinese,Islam,Married,5000,Student,N,135,CC-PLATINUM,5,31492.93,35,ATM,N
CUST-10028,S5545223E,Alan Chan,Alan,Chan,alan.chan33@example.com,+65 84867786,Blk 124 Toa Payoh Lor 4 #08-162,579779,1990-06-12,M,Malay,Christianity,Widowed,12000,Retired,N,182,INV-UNIT,5,24198.29,6,Mobile App,N
CUST-10029,S3123709E,Priya Foo,Priya,Foo,priya.foo6@example.com,+65 81914794,Blk 567 Clementi Ave 2 #24-065,812680,1966-05-01,M,Indian,Hinduism,Widowed,15000,Student,N,184,CUR-STD,1,21610.17,30,Branch,Y
CUST-10030,S3545556C,Nadia Sim,Nadia,Sim,nadia.sim73@example.com,+65 86097514,Blk 88 Bedok North St 1 #05-286,764697,1959-10-21,F,Others,Hinduism,Divorced,2800,Unemployed,N,178,CC-PLATINUM,5,52863.12,39,Branch,N
CUST-10031,S3916107I,Chen Teo,Chen,Teo,chen.teo10@example.com,+65 83626181,Blk 3 Tampines St 21 #16-241,681534,1971-11-03,M,Indian,None,Divorced,5000,Student,Y,43,CC-CLASSIC,3,67007.82,40,ATM,N
CUST-10032,S3386328B,Alan Ng,Alan,Ng,alan.ng8@example.com,+65 83783722,Blk 812 Clementi Ave 2 #21-292,688195,1989-04-21,M,Others,None,Divorced,6500,Student,N,41,INV-UNIT,5,42073.83,5,ATM,Y
CUST-10033,S4840714Z,Alan Chan,Alan,Chan,alan.chan74@example.com,+65 81348050,Blk 784 Toa Payoh Lor 4 #10-296,523870,1975-10-09,F,Others,Islam,Married,3500,Unemployed,N,9,FD-12M,1,40056.88,26,Internet Banking,N
CUST-10034,S5835492Z,Nurul Ng,Nurul,Ng,nurul.ng52@example.com,+65 81615675,Blk 466 Ang Mo Kio Ave 3 #12-130,702899,1965-06-14,F,Chinese,None,Widowed,12000,Student,Y,180,CC-CLASSIC,5,30878.89,31,Call Centre,Y
CUST-10035,S3037191A,Marcus Wong,Marcus,Wong,marcus.wong81@example.com,+65 85014745,Blk 727 Bedok North St 1 #11-283,507684,1990-03-10,M,Malay,Prefer not to say,Single,12000,Student,Y,115,CUR-STD,4,79288.98,18,ATM,N
CUST-10036,S7435505D,Alan Sim,Alan,Sim,alan.sim77@example.com,+65 89526867,Blk 765 Bedok North St 1 #04-142,766568,1985-04-15,F,Chinese,Islam,Divorced,4200,Unemployed,N,144,FD-12M,2,38067.22,30,Internet Banking,N
CUST-10037,S5006492J,Serene Bin Ali,Serene,Bin Ali,serene.bin50@example.com,+65 84918527,Blk 877 Tampines St 21 #03-163,807246,1989-07-15,F,Malay,Hinduism,Single,5000,Self-employed,N,85,LOAN-PERS,1,74331.34,28,Branch,N
CUST-10038,S2255409H,Wei Ming Chan,Wei Ming,Chan,wei.chan34@example.com,+65 86680114,Blk 639 Toa Payoh Lor 4 #14-042,719742,1964-07-28,F,Indian,None,Widowed,4200,Unemployed,Y,170,SAV-PLUS,2,53722.45,18,Mobile App,Y
CUST-10039,S8443690C,Alan Ng,Alan,Ng,alan.ng89@example.com,+65 86024207,Blk 30 Ang Mo Kio Ave 3 #12-029,686873,2003-11-23,F,Others,Christianity,Married,3500,Unemployed,N,226,CUR-STD,2,15045.88,39,Call Centre,N
CUST-10040,S8710313E,Bryan Marzuki,Bryan,Marzuki,bryan.marzuki86@example.com,+65 81157662,Blk 824 Tampines St 21 #11-280,602210,1964-04-15,F,Indian,Taoism,Divorced,6500,Student,N,166,FD-12M,3,17093.6,24,Call Centre,Y
CUST-10041,S1368085Z,Priya Hassan,Priya,Hassan,priya.hassan51@example.com,+65 85605016,Blk 9 Jurong West St 41 #23-026,815689,1991-06-19,M,Indian,Christianity,Married,6500,Unemployed,N,78,CUR-STD,1,76808.63,41,Branch,N
CUST-10042,S5951131F,Melissa Lim,Melissa,Lim,melissa.lim96@example.com,+65 87970985,Blk 180 Bedok North St 1 #06-277,739697,1992-06-24,F,Malay,Islam,Widowed,3500,Retired,N,36,SAV-PLUS,4,81853.35,9,Mobile App,N
CUST-10043,S3073474H,Serene Foo,Serene,Foo,serene.foo48@example.com,+65 85398338,Blk 599 Tampines St 21 #22-191,564830,1960-07-01,F,Chinese,Taoism,Divorced,15000,Unemployed,N,70,SAV-PLUS,4,77316.07,19,Call Centre,Y
CUST-10044,S4939290I,Daniel Lim,Daniel,Lim,daniel.lim18@example.com,+65 87520395,Blk 465 Clementi Ave 2 #23-277,763531,1957-05-16,F,Chinese,Prefer not to say,Widowed,3500,Unemployed,N,32,CC-PLATINUM,1,58735.8,13,Call Centre,N
CUST-10045,S2015861G,Priya Foo,Priya,Foo,priya.foo36@example.com,+65 84184459,Blk 126 Tampines St 21 #04-109,511828,1961-11-12,F,Malay,Christianity,Married,8000,Employed,N,142,CC-CLASSIC,5,18512.67,14,Internet Banking,N
CUST-10046,S3927575B,Samuel Tan,Samuel,Tan,samuel.tan85@example.com,+65 81432519,Blk 135 Ang Mo Kio Ave 3 #13-122,701258,1972-03-05,M,Indian,Buddhism,Married,6500,Student,N,141,SAV-PLUS,1,40585.66,23,ATM,Y
CUST-10047,S6060517H,Melissa Yeo,Melissa,Yeo,melissa.yeo83@example.com,+65 81522621,Blk 63 Tampines St 21 #14-219,569032,1969-10-02,F,Chinese,Buddhism,Divorced,15000,Unemployed,N,189,SAV-PLUS,2,23521.36,40,ATM,N
CUST-10048,S8217547B,Nadia Koh,Nadia,Koh,nadia.koh90@example.com,+65 82919549,Blk 874 Toa Payoh Lor 4 #22-283,638046,1988-05-15,F,Malay,Hinduism,Divorced,22000,Student,N,132,LOAN-HOME,1,26704.1,20,Internet Banking,N
CUST-10049,S2564141G,Daniel Binte Osman,Daniel,Binte Osman,daniel.binte13@example.com,+65 87251976,Blk 832 Bedok North St 1 #19-031,713002,1985-02-03,F,Indian,Prefer not to say,Widowed,3500,Employed,N,215,CC-PLATINUM,3,8985.33,32,Mobile App,N
CUST-10050,S7166651B,Nurul Sim,Nurul,Sim,nurul.sim98@example.com,+65 85673599,Blk 588 Bedok North St 1 #15-288,515381,1969-02-12,M,Malay,Islam,Divorced,15000,Retired,N,219,SAV-BASIC,2,73964.36,36,Call Centre,Y
CUST-10051,S4609330G,Daniel Chan,Daniel,Chan,daniel.chan54@example.com,+65 88610913,Blk 350 Bedok North St 1 #13-160,702391,1995-01-03,M,Malay,Christianity,Single,15000,Employed,N,194,FD-12M,4,41384.11,28,Call Centre,N
CUST-10052,S5752087Z,Marcus Bin Ali,Marcus,Bin Ali,marcus.bin87@example.com,+65 89164342,Blk 540 Toa Payoh Lor 4 #11-024,647475,1987-02-12,M,Chinese,Christianity,Divorced,3500,Self-employed,N,113,CC-PLATINUM,3,28024.78,0,Call Centre,N
CUST-10053,S6941939B,Aisha Ho,Aisha,Ho,aisha.ho51@example.com,+65 81709714,Blk 447 Ang Mo Kio Ave 3 #16-040,708033,1979-09-23,F,Others,Islam,Single,15000,Student,Y,61,LOAN-PERS,2,68152.12,39,Call Centre,N
CUST-10054,S9790632B,Rajesh Wu,Rajesh,Wu,rajesh.wu51@example.com,+65 86205543,Blk 764 Clementi Ave 2 #09-171,602251,1961-04-14,M,Malay,Prefer not to say,Divorced,9500,Retired,N,153,CC-CLASSIC,1,12618.47,12,Mobile App,N
CUST-10055,S8783840J,Hafiz Bin Ali,Hafiz,Bin Ali,hafiz.bin98@example.com,+65 88531380,Blk 698 Jurong West St 41 #22-166,703473,1996-02-06,F,Chinese,Hinduism,Widowed,12000,Retired,N,200,SAV-BASIC,3,43222.17,19,Call Centre,N
CUST-10056,S9507186G,Siti Lim,Siti,Lim,siti.lim60@example.com,+65 81688246,Blk 461 Jurong West St 41 #22-097,708792,1978-05-03,M,Chinese,Hinduism,Single,3500,Retired,Y,168,INV-UNIT,2,3519.25,45,Call Centre,N
CUST-10057,S7499771G,Karen Yeo,Karen,Yeo,karen.yeo44@example.com,+65 81878547,Blk 809 Toa Payoh Lor 4 #22-172,546401,1994-03-12,M,Others,Islam,Divorced,6500,Unemployed,N,98,LOAN-PERS,1,49616.31,9,Internet Banking,N
CUST-10058,S6193922I,Chen Singh,Chen,Singh,chen.singh49@example.com,+65 86510922,Blk 833 Bedok North St 1 #23-270,557937,1997-07-05,F,Chinese,Islam,Divorced,3500,Self-employed,N,155,LOAN-PERS,4,16482.04,8,Mobile App,Y
CUST-10059,S1633297Z,Farah Ng,Farah,Ng,farah.ng44@example.com,+65 83198638,Blk 612 Tampines St 21 #06-084,613712,1987-09-27,F,Chinese,Hinduism,Divorced,15000,Self-employed,N,192,CC-PLATINUM,4,20043.45,15,Internet Banking,N
CUST-10060,S7406756I,Marcus Foo,Marcus,Foo,marcus.foo68@example.com,+65 88023963,Blk 166 Bedok North St 1 #21-071,661854,1998-10-15,F,Indian,Taoism,Single,6500,Unemployed,Y,121,CC-PLATINUM,1,64912.31,17,Call Centre,N
CUST-10061,S1893502G,Alan Kumar,Alan,Kumar,alan.kumar65@example.com,+65 87274032,Blk 242 Tampines St 21 #04-192,641461,1969-08-12,F,Chinese,Prefer not to say,Divorced,9500,Self-employed,N,9,SAV-BASIC,3,77995.2,30,Mobile App,N
CUST-10062,S3508522I,Melissa Koh,Melissa,Koh,melissa.koh94@example.com,+65 89854536,Blk 434 Ang Mo Kio Ave 3 #11-122,692996,1955-02-01,M,Malay,Hinduism,Widowed,5000,Employed,Y,68,FD-12M,5,45657.36,40,ATM,N
CUST-10063,S5035998J,Vikram Ho,Vikram,Ho,vikram.ho54@example.com,+65 84142605,Blk 681 Toa Payoh Lor 4 #04-269,732108,1973-07-01,M,Others,Prefer not to say,Widowed,8000,Employed,N,160,LOAN-PERS,3,63572.45,22,Branch,N
CUST-10064,S6578736C,Priya Chan,Priya,Chan,priya.chan6@example.com,+65 86910597,Blk 560 Clementi Ave 2 #22-090,798840,1997-11-04,M,Malay,Buddhism,Widowed,22000,Employed,N,200,CC-CLASSIC,1,67286.06,2,Internet Banking,N
CUST-10065,S5800144F,Karen Hassan,Karen,Hassan,karen.hassan7@example.com,+65 86568772,Blk 280 Ang Mo Kio Ave 3 #13-224,758204,1989-08-09,F,Indian,Christianity,Widowed,5000,Student,N,12,INV-UNIT,3,68137.36,27,Branch,N
CUST-10066,S6501583Z,Samuel Rahman,Samuel,Rahman,samuel.rahman38@example.com,+65 86142147,Blk 457 Jurong West St 41 #24-219,608272,1989-05-11,F,Others,Buddhism,Divorced,3500,Unemployed,N,29,CC-PLATINUM,1,6563.49,40,Call Centre,N
CUST-10067,S8351320A,Karen Chan,Karen,Chan,karen.chan17@example.com,+65 82127988,Blk 242 Toa Payoh Lor 4 #13-186,741530,1998-03-01,M,Others,Islam,Divorced,22000,Student,Y,39,CUR-STD,5,31317.36,20,Internet Banking,N
CUST-10068,S2975701E,Grace Tan,Grace,Tan,grace.tan34@example.com,+65 88487220,Blk 220 Jurong West St 41 #11-252,623009,2002-03-16,M,Chinese,Hinduism,Married,9500,Student,Y,135,LOAN-PERS,3,60369.03,35,ATM,N
CUST-10069,S7064832I,Farah Rahman,Farah,Rahman,farah.rahman29@example.com,+65 83036124,Blk 206 Bedok North St 1 #09-253,516912,2000-12-23,F,Others,Prefer not to say,Married,4200,Unemployed,Y,166,SAV-PLUS,3,33963.97,45,Call Centre,N
CUST-10070,S8549319H,Hafiz Wu,Hafiz,Wu,hafiz.wu88@example.com,+65 89679860,Blk 353 Bedok North St 1 #19-094,588088,1991-02-05,M,Chinese,Taoism,Married,3500,Retired,N,84,CUR-STD,3,79465.77,14,Internet Banking,N
CUST-10071,S6080553J,Rajesh Wong,Rajesh,Wong,rajesh.wong69@example.com,+65 82567468,Blk 515 Toa Payoh Lor 4 #07-298,593804,1967-11-18,F,Chinese,Prefer not to say,Single,4200,Employed,Y,73,CC-PLATINUM,2,65238.12,26,ATM,Y
CUST-10072,S5108369Z,Bryan Yu,Bryan,Yu,bryan.yu52@example.com,+65 85990112,Blk 465 Ang Mo Kio Ave 3 #24-031,608202,1989-05-21,F,Others,Hinduism,Married,12000,Retired,N,80,CUR-STD,3,73253.93,20,Internet Banking,N
CUST-10073,S5055688H,Daniel Bin Ali,Daniel,Bin Ali,daniel.bin16@example.com,+65 85487430,Blk 461 Bedok North St 1 #06-050,535754,1978-09-18,F,Others,Christianity,Married,8000,Retired,N,30,LOAN-PERS,2,64912.69,31,ATM,N
CUST-10074,S8671057D,Bryan Ismail,Bryan,Ismail,bryan.ismail28@example.com,+65 86920597,Blk 50 Ang Mo Kio Ave 3 #11-254,805681,1986-01-03,M,Chinese,Hinduism,Married,15000,Retired,N,103,LOAN-HOME,3,4036.56,3,ATM,N
CUST-10075,S5692934J,Terence Lau,Terence,Lau,terence.lau88@example.com,+65 82993318,Blk 132 Ang Mo Kio Ave 3 #14-192,716990,1973-02-13,M,Malay,Taoism,Widowed,12000,Unemployed,Y,132,SAV-BASIC,1,11820.68,21,Call Centre,N
CUST-10076,S3726331G,Daniel Koh,Daniel,Koh,daniel.koh79@example.com,+65 86020319,Blk 608 Clementi Ave 2 #18-261,815911,1987-03-11,F,Chinese,Islam,Divorced,8000,Employed,N,159,CC-PLATINUM,1,50817.94,16,ATM,N
CUST-10077,S7378535C,Joanne Lim,Joanne,Lim,joanne.lim88@example.com,+65 85063384,Blk 33 Jurong West St 41 #24-057,621310,1992-08-06,F,Indian,Hinduism,Married,22000,Student,N,137,LOAN-HOME,5,65917.65,30,Branch,N
CUST-10078,S7322070F,Karen Teo,Karen,Teo,karen.teo23@example.com,+65 88711874,Blk 546 Clementi Ave 2 #19-182,668932,1990-06-22,M,Malay,Islam,Divorced,15000,Self-employed,N,125,CC-PLATINUM,2,58732.34,31,Internet Banking,N
CUST-10079,S7370211G,Terence Lau,Terence,Lau,terence.lau45@example.com,+65 83457461,Blk 298 Ang Mo Kio Ave 3 #11-041,728247,2001-05-10,F,Others,Christianity,Married,22000,Unemployed,N,34,INV-UNIT,3,11840.75,39,ATM,N
CUST-10080,S1880654B,Priya Lim,Priya,Lim,priya.lim53@example.com,+65 86541407,Blk 735 Tampines St 21 #05-071,503587,1997-09-08,F,Others,Hinduism,Married,5000,Retired,N,166,CC-PLATINUM,1,77193.05,5,ATM,N
CUST-10081,S1609681G,Serene Chan,Serene,Chan,serene.chan64@example.com,+65 84125790,Blk 767 Clementi Ave 2 #03-005,692758,2001-01-06,F,Indian,Hinduism,Widowed,4200,Self-employed,N,109,FD-12M,3,16550.41,7,Internet Banking,N
CUST-10082,S6655803E,Joanne Chua,Joanne,Chua,joanne.chua73@example.com,+65 84240708,Blk 180 Jurong West St 41 #22-208,779442,1996-05-23,F,Chinese,Hinduism,Single,2800,Self-employed,N,50,FD-12M,3,79557.99,0,Internet Banking,N
CUST-10083,S1191859E,Priya Chua,Priya,Chua,priya.chua84@example.com,+65 87032283,Blk 710 Bedok North St 1 #03-061,796026,2003-05-11,M,Others,None,Divorced,22000,Employed,N,80,LOAN-PERS,5,18928.02,8,Call Centre,N
CUST-10084,S8899184I,Melissa Chan,Melissa,Chan,melissa.chan86@example.com,+65 84664338,Blk 781 Bedok North St 1 #23-042,789653,1993-06-14,F,Chinese,Taoism,Single,15000,Employed,N,182,INV-UNIT,2,48765.1,9,Mobile App,N
CUST-10085,S9201172B,Karen Chua,Karen,Chua,karen.chua66@example.com,+65 88473959,Blk 829 Ang Mo Kio Ave 3 #16-068,827806,1962-11-07,F,Chinese,Taoism,Widowed,22000,Retired,Y,186,LOAN-HOME,3,69435.23,13,ATM,Y
CUST-10086,S2157949H,Siti Wu,Siti,Wu,siti.wu5@example.com,+65 85816582,Blk 419 Bedok North St 1 #06-216,737266,1977-12-03,F,Others,Hinduism,Single,2800,Unemployed,N,141,LOAN-PERS,1,15334.56,34,Call Centre,N
CUST-10087,S8115687I,Joanne Raman,Joanne,Raman,joanne.raman49@example.com,+65 84853123,Blk 254 Tampines St 21 #13-080,674088,1955-01-10,M,Chinese,Prefer not to say,Widowed,15000,Unemployed,Y,121,CC-CLASSIC,2,5906.27,38,Branch,N
CUST-10088,S7748892H,Samuel Binte Osman,Samuel,Binte Osman,samuel.binte30@example.com,+65 84645172,Blk 773 Ang Mo Kio Ave 3 #06-258,684836,2000-01-08,F,Indian,Christianity,Divorced,2800,Self-employed,N,192,CC-CLASSIC,4,25682.48,3,ATM,N
CUST-10089,S7394713I,Chen Binte Osman,Chen,Binte Osman,chen.binte41@example.com,+65 87984768,Blk 419 Bedok North St 1 #11-193,619813,1982-09-16,F,Malay,Prefer not to say,Married,8000,Retired,N,15,FD-12M,1,47890.33,26,ATM,N
CUST-10090,S8546170F,Nadia Raman,Nadia,Raman,nadia.raman12@example.com,+65 89986473,Blk 742 Bedok North St 1 #03-138,741647,1971-04-11,M,Malay,Prefer not to say,Married,3500,Student,N,168,LOAN-PERS,3,81355.28,0,Mobile App,N
CUST-10091,S4431161G,Joanne Ng,Joanne,Ng,joanne.ng31@example.com,+65 86395804,Blk 795 Clementi Ave 2 #14-239,726053,2002-08-08,F,Indian,Taoism,Widowed,22000,Student,Y,181,FD-12M,3,77735.23,23,Internet Banking,N
CUST-10092,S8005797E,Siti Marzuki,Siti,Marzuki,siti.marzuki20@example.com,+65 84291551,Blk 338 Bedok North St 1 #14-292,659180,1969-12-05,F,Indian,Prefer not to say,Widowed,6500,Student,N,7,CUR-STD,3,14553.73,34,Call Centre,N
CUST-10093,S1813936A,Serene Yu,Serene,Yu,serene.yu53@example.com,+65 83306725,Blk 863 Toa Payoh Lor 4 #09-035,591149,1958-09-02,M,Others,Islam,Single,3500,Unemployed,N,217,FD-12M,4,1534.05,34,ATM,N
CUST-10094,S1287605I,Wei Ming Tan,Wei Ming,Tan,wei.tan90@example.com,+65 88223819,Blk 826 Bedok North St 1 #05-050,594948,1988-12-09,M,Indian,Prefer not to say,Divorced,6500,Retired,N,140,SAV-PLUS,3,81548.45,29,ATM,N
CUST-10095,S1531577B,Vikram Raman,Vikram,Raman,vikram.raman52@example.com,+65 87362994,Blk 387 Jurong West St 41 #17-029,503807,1974-11-27,M,Others,Prefer not to say,Widowed,3500,Retired,N,220,SAV-PLUS,5,78144.11,14,Mobile App,N
CUST-10096,S1552000C,Jonathan Lim,Jonathan,Lim,jonathan.lim41@example.com,+65 81262699,Blk 213 Jurong West St 41 #06-204,545903,1959-11-09,M,Malay,Taoism,Widowed,15000,Unemployed,N,233,LOAN-HOME,2,67234.24,44,Branch,N
CUST-10097,S7655572F,Siti Ng,Siti,Ng,siti.ng4@example.com,+65 85585666,Blk 803 Tampines St 21 #17-117,727150,1982-04-27,F,Malay,None,Widowed,8000,Employed,N,22,CC-PLATINUM,2,60671.6,5,Internet Banking,N
CUST-10098,S7051545B,Nadia Singh,Nadia,Singh,nadia.singh12@example.com,+65 81087161,Blk 316 Tampines St 21 #13-139,563170,1995-03-24,M,Malay,Hinduism,Widowed,8000,Unemployed,N,102,INV-UNIT,4,8959.24,5,Internet Banking,Y
CUST-10099,S7506196B,Samuel Koh,Samuel,Koh,samuel.koh93@example.com,+65 85072543,Blk 586 Jurong West St 41 #07-195,603274,1975-07-01,F,Indian,Islam,Widowed,9500,Self-employed,Y,77,CUR-STD,4,23601.57,19,Call Centre,Y
CUST-10100,S4280754H,Terence Wong,Terence,Wong,terence.wong14@example.com,+65 83273137,Blk 312 Ang Mo Kio Ave 3 #14-171,746399,1970-12-21,F,Indian,Hinduism,Married,22000,Retired,N,129,CC-CLASSIC,4,26842.74,25,Internet Banking,N
CUST-10101,S6467463G,Joanne Singh,Joanne,Singh,joanne.singh36@example.com,+65 87592357,Blk 374 Ang Mo Kio Ave 3 #20-103,611440,1995-08-19,F,Malay,Hinduism,Divorced,5000,Employed,N,203,FD-12M,2,53906.9,15,Internet Banking,N
CUST-10102,S7724393I,Vikram Wu,Vikram,Wu,vikram.wu65@example.com,+65 88017921,Blk 557 Ang Mo Kio Ave 3 #13-275,552791,1979-02-15,M,Indian,Christianity,Single,12000,Unemployed,N,156,LOAN-PERS,4,9184.1,6,Internet Banking,N
CUST-10103,S4708297H,Karen Chan,Karen,Chan,karen.chan48@example.com,+65 87562142,Blk 475 Toa Payoh Lor 4 #20-257,596651,1988-09-19,M,Others,Buddhism,Divorced,22000,Student,Y,179,SAV-PLUS,2,29738.27,21,Call Centre,N
CUST-10104,S6350413B,Karen Sim,Karen,Sim,karen.sim39@example.com,+65 81749657,Blk 830 Toa Payoh Lor 4 #05-012,712791,1977-08-04,M,Malay,Taoism,Married,12000,Unemployed,N,115,LOAN-PERS,5,36356.12,29,Mobile App,N
CUST-10105,S1489765J,Chen Rahman,Chen,Rahman,chen.rahman26@example.com,+65 88542617,Blk 607 Tampines St 21 #14-003,634371,1966-11-22,F,Chinese,Taoism,Single,9500,Unemployed,N,113,LOAN-PERS,3,16911.9,7,Internet Banking,N
CUST-10106,S2916496F,Karen Yu,Karen,Yu,karen.yu46@example.com,+65 88681625,Blk 633 Bedok North St 1 #23-153,553194,1975-10-13,F,Chinese,Christianity,Divorced,9500,Employed,N,159,LOAN-PERS,2,43517.95,26,ATM,N
CUST-10107,S3906397I,Lina Hassan,Lina,Hassan,lina.hassan22@example.com,+65 89214830,Blk 296 Bedok North St 1 #07-162,781878,1982-03-16,F,Chinese,Hinduism,Married,15000,Self-employed,N,165,INV-UNIT,5,55580.32,26,Call Centre,N
CUST-10108,S4699871E,Vikram Chua,Vikram,Chua,vikram.chua5@example.com,+65 85611266,Blk 231 Jurong West St 41 #11-087,799115,1986-03-03,M,Chinese,Islam,Divorced,2800,Unemployed,Y,147,FD-12M,5,18732.36,27,Branch,N
CUST-10109,S8366370B,Farah Lim,Farah,Lim,farah.lim31@example.com,+65 84521171,Blk 831 Toa Payoh Lor 4 #20-180,773719,1983-05-12,M,Malay,Prefer not to say,Married,3500,Employed,N,223,LOAN-PERS,5,24036.01,34,Mobile App,N
CUST-10110,S2597613C,Vikram Ismail,Vikram,Ismail,vikram.ismail97@example.com,+65 87905438,Blk 61 Clementi Ave 2 #22-065,585090,1973-10-09,M,Indian,Prefer not to say,Married,15000,Student,N,222,CUR-STD,5,53827.69,40,Call Centre,N
CUST-10111,S7191986H,Melissa Kumar,Melissa,Kumar,melissa.kumar63@example.com,+65 86491002,Blk 596 Ang Mo Kio Ave 3 #25-048,796869,1995-02-13,M,Others,Christianity,Widowed,6500,Self-employed,N,134,CC-PLATINUM,3,70443.54,21,ATM,N
CUST-10112,S2670586Z,Lina Sim,Lina,Sim,lina.sim59@example.com,+65 81273155,Blk 128 Bedok North St 1 #16-234,508009,1976-11-25,M,Malay,None,Divorced,2800,Self-employed,N,15,SAV-PLUS,3,21433.01,23,Mobile App,Y
CUST-10113,S8201300Z,Nadia Yu,Nadia,Yu,nadia.yu12@example.com,+65 82596917,Blk 2 Bedok North St 1 #17-040,584705,1974-12-23,F,Chinese,Buddhism,Divorced,5000,Employed,N,196,CUR-STD,4,6206.24,24,Branch,Y
CUST-10114,S3396676B,Grace Nair,Grace,Nair,grace.nair68@example.com,+65 81142182,Blk 625 Toa Payoh Lor 4 #07-226,724490,1978-05-05,M,Others,Taoism,Widowed,4200,Self-employed,Y,100,SAV-PLUS,2,64007.39,37,Call Centre,N
CUST-10115,S5163551I,Alan Nair,Alan,Nair,alan.nair77@example.com,+65 85780177,Blk 798 Toa Payoh Lor 4 #02-155,639482,1963-04-09,M,Others,Islam,Single,3500,Self-employed,N,168,LOAN-HOME,1,20643.73,40,ATM,Y
CUST-10116,S8060918F,Karen Tan,Karen,Tan,karen.tan70@example.com,+65 83898604,Blk 782 Tampines St 21 #04-009,541225,1978-06-05,F,Malay,Buddhism,Single,22000,Student,N,102,CC-PLATINUM,5,65250.93,27,Call Centre,Y
CUST-10117,S6199374B,Chen Lau,Chen,Lau,chen.lau66@example.com,+65 84409088,Blk 828 Bedok North St 1 #19-168,752083,1989-10-05,F,Others,None,Married,3500,Employed,N,74,SAV-PLUS,4,10035.66,39,ATM,Y
CUST-10118,S1212482C,Farah Binte Osman,Farah,Binte Osman,farah.binte90@example.com,+65 81190431,Blk 168 Tampines St 21 #13-268,663735,2002-11-24,F,Malay,None,Divorced,3500,Employed,Y,47,LOAN-PERS,4,23263.95,4,Internet Banking,Y
CUST-10119,S3799805F,Bryan Chua,Bryan,Chua,bryan.chua21@example.com,+65 85280137,Blk 792 Ang Mo Kio Ave 3 #20-060,649336,1987-06-02,M,Chinese,Prefer not to say,Single,22000,Self-employed,Y,130,FD-12M,3,32676.66,9,Mobile App,Y
CUST-10120,S5165165G,Serene Singh,Serene,Singh,serene.singh93@example.com,+65 86367620,Blk 278 Ang Mo Kio Ave 3 #20-191,579225,2002-11-14,M,Malay,Christianity,Single,8000,Student,Y,60,FD-12M,3,65795.13,19,Internet Banking,Y
CUST-10121,S6098752J,Serene Chua,Serene,Chua,serene.chua32@example.com,+65 88783398,Blk 378 Jurong West St 41 #17-101,653466,1955-06-07,M,Others,Buddhism,Married,22000,Unemployed,N,77,SAV-BASIC,3,323.98,42,Call Centre,N
CUST-10122,S3388630E,Grace Teo,Grace,Teo,grace.teo12@example.com,+65 81736524,Blk 238 Jurong West St 41 #15-191,792391,1988-04-14,M,Malay,None,Widowed,2800,Employed,N,128,SAV-BASIC,4,56375.25,8,Mobile App,N
CUST-10123,S6336123H,Jonathan Nair,Jonathan,Nair,jonathan.nair35@example.com,+65 84919346,Blk 77 Bedok North St 1 #06-300,563546,1980-12-27,M,Malay,Hinduism,Widowed,8000,Retired,N,191,SAV-PLUS,5,30582.78,13,Call Centre,N
CUST-10124,S1676621D,Melissa Wong,Melissa,Wong,melissa.wong42@example.com,+65 83488460,Blk 94 Toa Payoh Lor 4 #09-183,759412,1962-02-06,M,Indian,Islam,Married,6500,Employed,N,209,FD-12M,5,63637.05,15,Branch,N
CUST-10125,S3193037D,Grace Ho,Grace,Ho,grace.ho52@example.com,+65 87245146,Blk 703 Toa Payoh Lor 4 #22-044,662228,1962-01-02,M,Chinese,Christianity,Widowed,5000,Self-employed,Y,215,LOAN-PERS,1,3820.65,29,Branch,N
CUST-10126,S8158234C,Lina Wu,Lina,Wu,lina.wu46@example.com,+65 84602338,Blk 192 Clementi Ave 2 #10-229,591567,2001-07-16,M,Indian,Hinduism,Widowed,9500,Unemployed,N,10,SAV-BASIC,1,23925.0,8,Call Centre,N
CUST-10127,S7417252F,Chen Yeo,Chen,Yeo,chen.yeo62@example.com,+65 89131572,Blk 353 Jurong West St 41 #18-165,745430,1970-11-26,M,Chinese,Islam,Married,2800,Employed,N,142,SAV-BASIC,4,45095.86,37,Mobile App,N
CUST-10128,S4681115J,Grace Raman,Grace,Raman,grace.raman50@example.com,+65 86952633,Blk 860 Bedok North St 1 #07-122,706878,1997-04-09,M,Indian,Taoism,Married,2800,Unemployed,N,139,FD-12M,5,26407.7,31,Branch,Y
CUST-10129,S1011467F,Siti Raman,Siti,Raman,siti.raman79@example.com,+65 84380011,Blk 826 Bedok North St 1 #12-091,701975,1993-04-01,M,Malay,Taoism,Married,12000,Employed,N,137,LOAN-PERS,1,31880.5,42,Call Centre,Y
CUST-10130,S9173859Z,Kavitha Ismail,Kavitha,Ismail,kavitha.ismail41@example.com,+65 83922635,Blk 725 Jurong West St 41 #24-183,643872,1975-03-06,F,Indian,None,Divorced,9500,Self-employed,N,190,SAV-BASIC,5,33407.8,36,Branch,N
CUST-10131,S9324603C,Samuel Nair,Samuel,Nair,samuel.nair43@example.com,+65 82305378,Blk 244 Clementi Ave 2 #12-086,556500,1994-04-21,F,Chinese,Islam,Married,3500,Self-employed,Y,147,LOAN-PERS,3,66939.3,0,Branch,N
CUST-10132,S6892681I,Melissa Chan,Melissa,Chan,melissa.chan49@example.com,+65 82701688,Blk 849 Tampines St 21 #20-116,608393,1981-03-14,M,Chinese,Islam,Single,9500,Retired,N,129,SAV-PLUS,1,29185.34,24,Mobile App,Y
CUST-10133,S1519979G,Serene Kumar,Serene,Kumar,serene.kumar84@example.com,+65 83768193,Blk 622 Tampines St 21 #07-028,566424,1976-10-20,M,Malay,Hinduism,Divorced,12000,Retired,N,231,CC-CLASSIC,1,4409.09,36,ATM,N
CUST-10134,S9058573D,Daniel Lim,Daniel,Lim,daniel.lim13@example.com,+65 81431773,Blk 212 Bedok North St 1 #22-150,558758,1978-01-14,M,Indian,Prefer not to say,Widowed,6500,Student,N,25,CC-PLATINUM,1,54630.27,24,Mobile App,N
CUST-10135,S8802377E,Nadia Foo,Nadia,Foo,nadia.foo29@example.com,+65 85505722,Blk 578 Ang Mo Kio Ave 3 #06-050,556632,1966-08-02,F,Malay,Taoism,Single,12000,Student,N,70,LOAN-HOME,5,58463.36,30,ATM,N
CUST-10136,S9423864J,Bryan Ismail,Bryan,Ismail,bryan.ismail67@example.com,+65 83473761,Blk 124 Tampines St 21 #07-086,634157,1960-07-28,M,Chinese,Hinduism,Single,2800,Student,N,185,CUR-STD,5,22068.76,4,Branch,N
CUST-10137,S8686601A,Serene Hassan,Serene,Hassan,serene.hassan90@example.com,+65 89767135,Blk 801 Tampines St 21 #05-213,593428,1990-06-28,M,Chinese,Taoism,Single,15000,Retired,N,73,LOAN-PERS,4,22598.79,41,Call Centre,N
CUST-10138,S7739741A,Siti Rahman,Siti,Rahman,siti.rahman51@example.com,+65 86561547,Blk 708 Bedok North St 1 #03-244,677102,1972-07-05,M,Indian,Prefer not to say,Divorced,22000,Retired,N,161,FD-12M,1,82667.72,14,Mobile App,N
CUST-10139,S2497984D,Joanne Chua,Joanne,Chua,joanne.chua57@example.com,+65 84546544,Blk 844 Tampines St 21 #25-249,731920,2004-06-09,M,Chinese,Islam,Widowed,9500,Self-employed,N,189,SAV-BASIC,2,16546.34,12,Branch,N
CUST-10140,S7179919H,Siti Chua,Siti,Chua,siti.chua65@example.com,+65 87659586,Blk 651 Ang Mo Kio Ave 3 #23-016,657102,1958-06-23,F,Others,Christianity,Widowed,6500,Unemployed,N,53,LOAN-PERS,3,14065.95,16,Branch,N
CUST-10141,S4713654Z,Wei Ming Hassan,Wei Ming,Hassan,wei.hassan29@example.com,+65 84468370,Blk 276 Toa Payoh Lor 4 #15-263,511145,1958-03-28,F,Malay,None,Married,5000,Unemployed,Y,149,CC-CLASSIC,3,51787.56,19,Internet Banking,N
CUST-10142,S9734854J,Nadia Foo,Nadia,Foo,nadia.foo51@example.com,+65 82716512,Blk 8 Jurong West St 41 #23-192,685890,1984-05-07,M,Others,Buddhism,Divorced,6500,Retired,N,122,CC-PLATINUM,3,55838.94,41,Internet Banking,N
CUST-10143,S7779646Z,Daniel Yeo,Daniel,Yeo,daniel.yeo41@example.com,+65 83347627,Blk 739 Ang Mo Kio Ave 3 #22-255,685250,2003-04-02,F,Others,Hinduism,Single,22000,Unemployed,N,209,CC-CLASSIC,3,61811.43,14,ATM,N
CUST-10144,S4038955E,Nurul Foo,Nurul,Foo,nurul.foo13@example.com,+65 88898392,Blk 132 Toa Payoh Lor 4 #10-287,616499,1987-05-28,M,Malay,Islam,Married,15000,Retired,N,46,LOAN-PERS,3,22295.42,18,Call Centre,Y
CUST-10145,S8922531D,Bryan Lim,Bryan,Lim,bryan.lim65@example.com,+65 83010177,Blk 889 Toa Payoh Lor 4 #14-272,697768,1995-10-19,M,Malay,Christianity,Married,3500,Retired,N,161,FD-12M,2,27029.32,45,Mobile App,Y
CUST-10146,S1079079H,Bryan Nair,Bryan,Nair,bryan.nair36@example.com,+65 84512853,Blk 780 Bedok North St 1 #20-082,812442,1995-03-11,M,Others,None,Widowed,2800,Student,N,165,FD-12M,4,595.94,34,Mobile App,N
CUST-10147,S5174559D,Wei Ming Nair,Wei Ming,Nair,wei.nair89@example.com,+65 86777230,Blk 320 Bedok North St 1 #05-197,826015,2003-09-07,M,Chinese,Prefer not to say,Single,2800,Retired,N,7,FD-12M,5,50772.17,21,Call Centre,N
CUST-10148,S1320859D,Kavitha Sim,Kavitha,Sim,kavitha.sim29@example.com,+65 83201267,Blk 217 Toa Payoh Lor 4 #02-259,603017,1977-04-06,F,Chinese,Hinduism,Divorced,9500,Unemployed,N,235,SAV-BASIC,5,84548.88,42,Branch,Y
CUST-10149,S5240244H,Siti Singh,Siti,Singh,siti.singh90@example.com,+65 83569046,Blk 211 Toa Payoh Lor 4 #23-005,697895,1962-07-15,M,Indian,Taoism,Married,3500,Student,Y,100,INV-UNIT,5,10183.89,7,Branch,N
CUST-10150,S7004931G,Marcus Koh,Marcus,Koh,marcus.koh38@example.com,+65 83690622,Blk 41 Jurong West St 41 #17-107,806416,1967-05-27,M,Chinese,Buddhism,Single,5000,Employed,N,136,FD-12M,2,80713.02,32,Branch,Y
CUST-10151,S1840206B,Jonathan Yu,Jonathan,Yu,jonathan.yu23@example.com,+65 81661769,Blk 873 Clementi Ave 2 #13-161,772898,1969-08-10,M,Chinese,Buddhism,Married,12000,Self-employed,N,70,LOAN-PERS,4,81191.56,17,Branch,N
CUST-10152,S7471232H,Kavitha Rahman,Kavitha,Rahman,kavitha.rahman54@example.com,+65 83798082,Blk 116 Bedok North St 1 #24-031,602699,1962-07-13,F,Others,Prefer not to say,Widowed,6500,Self-employed,N,119,LOAN-HOME,3,52043.19,43,Mobile App,N
CUST-10153,S6272037A,Bryan Ng,Bryan,Ng,bryan.ng91@example.com,+65 89804983,Blk 786 Toa Payoh Lor 4 #20-290,646542,1981-08-02,M,Others,None,Married,6500,Student,N,19,LOAN-HOME,2,71350.0,35,ATM,Y
CUST-10154,S3775016B,Wei Ming Yu,Wei Ming,Yu,wei.yu97@example.com,+65 89248484,Blk 329 Bedok North St 1 #12-143,539305,1965-09-28,M,Others,Hinduism,Married,12000,Employed,N,123,FD-12M,5,38198.76,31,Call Centre,N
CUST-10155,S7917892A,Grace Sim,Grace,Sim,grace.sim72@example.com,+65 81002847,Blk 846 Ang Mo Kio Ave 3 #21-156,824389,2002-11-01,F,Indian,Islam,Single,9500,Self-employed,N,29,LOAN-PERS,5,65276.91,38,Call Centre,N
CUST-10156,S1036858F,Vikram Chua,Vikram,Chua,vikram.chua46@example.com,+65 85898671,Blk 561 Jurong West St 41 #13-055,523689,1962-02-25,F,Malay,Prefer not to say,Widowed,5000,Employed,N,171,CC-CLASSIC,2,10439.24,25,Mobile App,N
CUST-10157,S3067274H,Marcus Singh,Marcus,Singh,marcus.singh59@example.com,+65 89459031,Blk 138 Tampines St 21 #02-272,538091,1976-02-25,F,Malay,None,Married,2800,Self-employed,Y,109,LOAN-HOME,5,51602.43,20,ATM,N
CUST-10158,S5935413H,Alan Koh,Alan,Koh,alan.koh18@example.com,+65 83318275,Blk 423 Jurong West St 41 #24-263,699975,1999-04-09,F,Malay,Christianity,Married,8000,Unemployed,N,104,LOAN-PERS,2,83417.25,41,Mobile App,N
CUST-10159,S8004117Z,Vikram Ng,Vikram,Ng,vikram.ng96@example.com,+65 89957402,Blk 293 Tampines St 21 #02-268,561414,2003-06-18,F,Malay,Buddhism,Single,22000,Self-employed,N,125,CUR-STD,3,58151.5,9,Branch,N
CUST-10160,S2719329J,Marcus Bin Ali,Marcus,Bin Ali,marcus.bin87@example.com,+65 84763253,Blk 761 Toa Payoh Lor 4 #19-200,659370,1989-01-12,F,Chinese,Hinduism,Widowed,12000,Student,N,211,INV-UNIT,1,1299.45,16,Mobile App,N
CUST-10161,S4296204D,Priya Yu,Priya,Yu,priya.yu38@example.com,+65 88529864,Blk 182 Toa Payoh Lor 4 #04-096,619418,2000-12-21,M,Others,Buddhism,Widowed,22000,Retired,N,97,CC-PLATINUM,2,13846.77,16,Branch,N
CUST-10162,S1853212Z,Melissa Singh,Melissa,Singh,melissa.singh79@example.com,+65 86052539,Blk 503 Jurong West St 41 #19-184,546207,1964-01-05,M,Malay,Taoism,Single,8000,Unemployed,N,240,LOAN-HOME,5,45740.65,5,Internet Banking,N
CUST-10163,S9900294H,Marcus Binte Osman,Marcus,Binte Osman,marcus.binte72@example.com,+65 81147701,Blk 118 Toa Payoh Lor 4 #13-229,654994,1976-06-12,M,Indian,Hinduism,Single,5000,Student,N,78,INV-UNIT,3,2295.05,33,Internet Banking,N
CUST-10164,S2381527B,Bryan Lim,Bryan,Lim,bryan.lim22@example.com,+65 89945709,Blk 8 Toa Payoh Lor 4 #04-108,637950,1973-11-07,M,Malay,Taoism,Widowed,15000,Employed,N,85,SAV-BASIC,4,60990.43,2,Branch,Y
CUST-10165,S5339392G,Siti Rahman,Siti,Rahman,siti.rahman50@example.com,+65 88568632,Blk 646 Tampines St 21 #15-162,517381,1971-09-03,M,Chinese,None,Single,5000,Unemployed,Y,150,SAV-PLUS,3,78898.45,6,Internet Banking,N
CUST-10166,S8952193C,Samuel Kumar,Samuel,Kumar,samuel.kumar69@example.com,+65 84688734,Blk 140 Toa Payoh Lor 4 #14-280,683360,1973-08-13,F,Indian,Buddhism,Married,2800,Employed,Y,104,SAV-BASIC,5,50796.33,34,ATM,Y
CUST-10167,S7923193Z,Farah Teo,Farah,Teo,farah.teo66@example.com,+65 83390000,Blk 165 Bedok North St 1 #09-130,622877,2002-12-24,M,Chinese,Prefer not to say,Widowed,5000,Unemployed,Y,91,CC-PLATINUM,1,21458.31,12,ATM,N
CUST-10168,S5783807J,Kavitha Foo,Kavitha,Foo,kavitha.foo9@example.com,+65 84246367,Blk 326 Tampines St 21 #16-169,693496,1963-11-21,F,Indian,Hinduism,Married,3500,Employed,N,63,CC-CLASSIC,2,60594.49,41,Call Centre,N
CUST-10169,S8765307H,Terence Ho,Terence,Ho,terence.ho46@example.com,+65 86124966,Blk 499 Jurong West St 41 #05-090,555597,1998-12-11,M,Malay,Islam,Single,12000,Employed,Y,227,INV-UNIT,1,69112.08,37,Call Centre,N
CUST-10170,S7137418G,Siti Lau,Siti,Lau,siti.lau29@example.com,+65 85882155,Blk 138 Tampines St 21 #18-262,557500,1971-09-18,F,Chinese,None,Married,4200,Unemployed,N,123,INV-UNIT,2,38039.49,11,ATM,N
CUST-10171,S4888118B,Joanne Chan,Joanne,Chan,joanne.chan34@example.com,+65 87198093,Blk 240 Ang Mo Kio Ave 3 #23-106,737358,1985-06-02,F,Others,Buddhism,Single,12000,Retired,Y,59,INV-UNIT,3,70997.17,16,ATM,N
CUST-10172,S9668165E,Nadia Yu,Nadia,Yu,nadia.yu49@example.com,+65 84739628,Blk 529 Tampines St 21 #13-177,818898,1979-06-19,M,Malay,Hinduism,Married,3500,Self-employed,Y,170,INV-UNIT,3,18136.65,11,Mobile App,N
CUST-10173,S2901507H,Samuel Singh,Samuel,Singh,samuel.singh87@example.com,+65 89033176,Blk 491 Bedok North St 1 #20-083,761367,1962-11-08,M,Chinese,Christianity,Married,8000,Self-employed,N,109,SAV-BASIC,5,12654.16,10,Internet Banking,N
CUST-10174,S2438621D,Karen Hassan,Karen,Hassan,karen.hassan58@example.com,+65 88909005,Blk 889 Tampines St 21 #07-113,763338,1993-10-21,M,Indian,Christianity,Divorced,6500,Student,N,7,SAV-PLUS,2,32272.32,8,Branch,Y
CUST-10175,S2615622C,Marcus Yeo,Marcus,Yeo,marcus.yeo61@example.com,+65 81654924,Blk 899 Jurong West St 41 #18-061,558901,1987-11-14,M,Chinese,Prefer not to say,Widowed,4200,Unemployed,N,214,LOAN-PERS,1,59360.11,27,Mobile App,N
CUST-10176,S2639417G,Hafiz Hassan,Hafiz,Hassan,hafiz.hassan18@example.com,+65 85270103,Blk 489 Bedok North St 1 #04-146,765223,1977-10-26,M,Chinese,None,Single,22000,Unemployed,N,192,SAV-PLUS,5,810.06,41,Mobile App,N
CUST-10177,S5255251E,Alan Foo,Alan,Foo,alan.foo69@example.com,+65 88106183,Blk 579 Clementi Ave 2 #21-142,754337,1961-03-14,F,Others,Christianity,Divorced,22000,Unemployed,N,169,FD-12M,3,84025.5,36,Internet Banking,N
CUST-10178,S3714471B,Joanne Ho,Joanne,Ho,joanne.ho28@example.com,+65 89528589,Blk 411 Clementi Ave 2 #19-027,607375,1997-02-24,M,Chinese,Prefer not to say,Married,12000,Student,N,61,LOAN-HOME,1,5634.02,14,Internet Banking,Y
CUST-10179,S5806156J,Samuel Lim,Samuel,Lim,samuel.lim8@example.com,+65 83940561,Blk 656 Tampines St 21 #16-006,629489,2001-07-13,F,Malay,Buddhism,Married,15000,Unemployed,N,160,SAV-BASIC,3,20488.96,0,Mobile App,Y
CUST-10180,S4360650I,Jonathan Bin Ali,Jonathan,Bin Ali,jonathan.bin2@example.com,+65 82151205,Blk 93 Jurong West St 41 #11-287,726693,1980-06-22,F,Malay,Taoism,Married,9500,Student,N,104,SAV-BASIC,3,15042.95,32,Branch,Y
CUST-10181,S5196677H,Karen Ismail,Karen,Ismail,karen.ismail49@example.com,+65 89113963,Blk 789 Bedok North St 1 #12-235,791448,1976-02-26,F,Chinese,Islam,Single,6500,Student,N,134,CC-CLASSIC,3,35173.72,22,ATM,Y
CUST-10182,S2275551I,Vikram Wong,Vikram,Wong,vikram.wong23@example.com,+65 88995273,Blk 322 Clementi Ave 2 #08-294,673994,1970-05-03,M,Others,None,Married,8000,Self-employed,N,105,CC-PLATINUM,2,19636.8,15,ATM,N
CUST-10183,S1111126I,Daniel Bin Ali,Daniel,Bin Ali,daniel.bin6@example.com,+65 89091518,Blk 381 Jurong West St 41 #12-253,679041,1961-02-03,M,Indian,Hinduism,Married,12000,Unemployed,N,176,SAV-BASIC,5,67978.09,30,ATM,Y
CUST-10184,S3019442I,Karen Foo,Karen,Foo,karen.foo59@example.com,+65 86295749,Blk 706 Ang Mo Kio Ave 3 #02-108,742650,1980-11-25,F,Indian,Taoism,Divorced,12000,Self-employed,N,47,CC-PLATINUM,2,23045.82,39,Internet Banking,N
CUST-10185,S7124992G,Aisha Sim,Aisha,Sim,aisha.sim36@example.com,+65 88561977,Blk 185 Jurong West St 41 #06-295,642636,1982-04-14,F,Malay,Taoism,Widowed,8000,Student,N,182,CUR-STD,2,40309.3,0,Mobile App,N
CUST-10186,S9164132E,Bryan Ho,Bryan,Ho,bryan.ho33@example.com,+65 81800429,Blk 408 Ang Mo Kio Ave 3 #24-084,534530,1995-09-18,F,Others,Prefer not to say,Single,8000,Student,N,187,CC-PLATINUM,3,30754.0,35,Internet Banking,N
CUST-10187,S4337963J,Wei Ming Wu,Wei Ming,Wu,wei.wu74@example.com,+65 83928275,Blk 800 Clementi Ave 2 #13-167,828987,1962-06-28,F,Chinese,Hinduism,Divorced,22000,Student,N,176,CUR-STD,3,35970.04,39,ATM,N
CUST-10188,S5888148E,Rajesh Kumar,Rajesh,Kumar,rajesh.kumar78@example.com,+65 87634639,Blk 278 Tampines St 21 #13-267,787782,1965-06-08,M,Malay,Prefer not to say,Single,8000,Self-employed,N,83,CC-PLATINUM,1,18056.46,25,Branch,Y
CUST-10189,S9790972B,Rajesh Sim,Rajesh,Sim,rajesh.sim14@example.com,+65 85403218,Blk 633 Bedok North St 1 #04-200,694757,1990-01-01,M,Indian,Hinduism,Married,9500,Self-employed,N,200,CUR-STD,1,3181.14,22,Internet Banking,N
CUST-10190,S3970181J,Melissa Lau,Melissa,Lau,melissa.lau77@example.com,+65 88659527,Blk 647 Toa Payoh Lor 4 #22-289,779576,1972-09-15,F,Indian,Hinduism,Married,15000,Employed,N,37,CC-PLATINUM,3,35154.88,9,Internet Banking,Y
CUST-10191,S9977469A,Wei Ming Yeo,Wei Ming,Yeo,wei.yeo89@example.com,+65 89253243,Blk 774 Tampines St 21 #11-005,775799,2003-03-12,M,Chinese,Taoism,Divorced,12000,Self-employed,N,76,INV-UNIT,4,33674.98,10,Call Centre,N
CUST-10192,S5561139E,Priya Wong,Priya,Wong,priya.wong84@example.com,+65 89924543,Blk 829 Clementi Ave 2 #15-097,543988,1960-07-21,M,Indian,Buddhism,Widowed,15000,Unemployed,N,64,CC-PLATINUM,5,41921.26,20,Branch,N
CUST-10193,S3097809H,Siti Lau,Siti,Lau,siti.lau94@example.com,+65 81137641,Blk 239 Ang Mo Kio Ave 3 #06-008,814558,1956-03-04,F,Others,Islam,Widowed,6500,Retired,N,75,SAV-BASIC,3,7002.92,9,Branch,N
CUST-10194,S5195637G,Hafiz Hassan,Hafiz,Hassan,hafiz.hassan2@example.com,+65 83046175,Blk 787 Toa Payoh Lor 4 #09-198,785049,1959-09-16,M,Malay,Hinduism,Single,5000,Unemployed,N,49,FD-12M,4,57986.31,19,Internet Banking,N
CUST-10195,S5249882H,Chen Chan,Chen,Chan,chen.chan82@example.com,+65 86013251,Blk 204 Clementi Ave 2 #03-112,574866,1957-12-18,F,Indian,Buddhism,Married,3500,Retired,N,136,SAV-PLUS,4,67119.39,0,Branch,N
CUST-10196,S3645741H,Vikram Koh,Vikram,Koh,vikram.koh12@example.com,+65 86677780,Blk 778 Toa Payoh Lor 4 #03-031,723521,1964-06-25,M,Malay,Hinduism,Married,5000,Retired,N,25,LOAN-PERS,4,62374.41,1,Call Centre,N
CUST-10197,S5944490I,Joanne Ho,Joanne,Ho,joanne.ho90@example.com,+65 89222379,Blk 195 Jurong West St 41 #07-279,726303,1971-01-16,F,Indian,Prefer not to say,Married,12000,Employed,N,183,CUR-STD,4,25273.04,16,ATM,N
CUST-10198,S1314067J,Melissa Tan,Melissa,Tan,melissa.tan47@example.com,+65 85006173,Blk 329 Toa Payoh Lor 4 #04-276,744110,2004-11-17,F,Malay,Taoism,Divorced,4200,Retired,N,100,LOAN-PERS,1,8362.53,42,Branch,Y
CUST-10199,S2656810A,Daniel Rahman,Daniel,Rahman,daniel.rahman74@example.com,+65 87519606,Blk 674 Tampines St 21 #18-132,537002,1957-04-04,M,Chinese,Buddhism,Married,5000,Student,Y,127,FD-12M,1,30806.53,26,Internet Banking,Y
CUST-10200,S2307538D,Samuel Wong,Samuel,Wong,samuel.wong67@example.com,+65 82629390,Blk 104 Toa Payoh Lor 4 #09-273,744104,1988-01-24,M,Malay,Taoism,Married,6500,Unemployed,N,21,LOAN-HOME,1,65180.83,36,Internet Banking,N
